id,title,body_len,T3_rank,T3_S_scale,T3_S_score
20729604,"

চীনের অর্থনীতিতে এখন ঠিক কী চলছে!
",1921,1.0,1.0,100.0
20728696,"বেনজীরের সম্পদ বিস্ময়কর বিষয় নয়, এই রকম ঘটনা এখন স্বাভাবিক",1666,2.0,0.8645778013807753,86.45778013807754
20732365,"

কেজরিওয়ালের গ্রেফতার কি ভারতের বিরোধী জোটকে এককাট্টা করতে পারবে?
",1394,3.0,0.7201274561869357,72.01274561869357
20732370,"

কেজরিওয়ালের গ্রেফতার কি ভারতের বিরোধী জোটকে এককাট্টা করতে পারবে?
",1394,3.0,0.7201274561869357,72.01274561869357
20725797,ক্ষমতা দেখিয়ে বুয়েটে ছাত্রলীগ,1321,5.0,0.6813595326606479,68.13595326606479
20725467,"

অর্থনীতির জন্য এই মুহূর্তের বিবেচনা
",1234,6.0,0.6351566648964418,63.51566648964418
20725379,"

অর্থনীতির জন্য এই মুহূর্তের বিবেচনা
",1232,7.0,0.6340945300053107,63.409453000531066
20725435,"

 কৃষি বিপণন অধিদফতরের ব্যর্থতায় ভুগছেন কৃষক ও ভোক্তা
",1204,8.0,0.6192246415294742,61.92246415294742
20732369,"

সিলেটের শিলাবৃষ্টির আকার কি অস্বাভাবিক?
",1108,9.0,0.5682421667551779,56.82421667551779
20727269,কেন আয়ারল্যান্ড ইউরোপের মধ্যে সবচেয়ে ফিলিস্তিনপন্থী,1041,10.0,0.5326606479022836,53.26606479022836
20725363,"

ইসলামে পানির গুরুত্ব 
",970,11.0,0.4949548592671269,49.49548592671269
20725362,"

বদর যুদ্ধ যা শিক্ষণীয় 
",865,12.0,0.4391927774827403,43.919277748274034
20728694,নেপালের হোকসি যেভাবে কিডনি ভ্যালি,855,13.0,0.43388210302708446,43.388210302708444
20725450,"

ক্যাম্পাসে নারী শিক্ষার্থীর নিরাপত্তা
",829,14.0,0.4200743494423792,42.00743494423792
20725459,"

ক্যাম্পাসে নারী শিক্ষার্থীর নিরাপত্তা
",826,15.0,0.4184811471056824,41.84811471056824
20725739,ঝাঁঝালো বক্তব্য দিয়ে রাজনীতিতে নামলেন সুনীতা কেজরিওয়াল,814,16.0,0.4121083377588954,41.21083377588954
20725736,চট্টগ্রামে লাগামহীন অবৈধ ব্যাটারি রিকশা দৈনিক ৭০ লাখ টাকার ভাগবাটোয়ারা,811,17.0,0.41051513542219864,41.051513542219865
20725733,সিলেটে রওশন ও জব্বারের সম্পদের পাহাড়,782,18.0,0.3951141795007966,39.51141795007966
20726941,"মালয়েশিয়ায় সেকেন্ড হোম গড়েছেন ৩,৬০৪ জন বাংলাদেশি",733,19.0,0.36909187466808285,36.909187466808284
20725442,"

 মালয়েশিয়ার শ্রমবাজার আজ থেকে বন্ধ হলো  
",727,20.0,0.3659054699946893,36.590546999468934
20729605,"

নেতানিয়াহুবিরোধী বিক্ষোভে উত্তাল ইসরাইল
",712,21.0,0.35793945831120555,35.79394583112055
20725461,"

ইদানীং প্রাসঙ্গিক
",711,22.0,0.3574083908656399,35.740839086563994
20725378,"

ইদানীং প্রাসঙ্গিক
",709,23.0,0.35634625597450875,35.63462559745088
20725731,বিদেশি ঋণের সুদ পরিশোধে ব্যয় বাড়ায় উদ্বেগ,705,24.0,0.35422198619224643,35.422198619224645
20725445,"

বুয়েটের ছাত্র আন্দোলন নিয়ে অ্যাকশনের হুমকি
",699,25.0,0.3510355815188529,35.10355815188529
20725404,"

লেনদেন ও সূচক বেড়েছে উভয় শেয়ারবাজারে
দর বেড়েছে ২৭৩টির, কমেছে ৭৪টির এবং অপরিবর্তিত রয়েছে ৪৯টির
",698,26.0,0.3505045140732873,35.05045140732873
20725425,"
রাজপথে মৃত্যুর হানা 
সড়কে প্রাণ গেল ৭ জনের
",687,27.0,0.34466277217206587,34.46627721720659
20725795,বুয়েটে জঙ্গি রাজনীতির প্রমাণ পেলে অ্যাকশন,685,28.0,0.34360063728093465,34.360063728093465
20725350,"

কায়রোয় আবার গাজার যুদ্ধবিরতি আলোচনা শুরু
",671,29.0,0.33616569304301647,33.61656930430165
20731580,"

ফুয়াদ হত্যা : ইউপি চেয়ারম্যান জেসমিনের বাড়িতে হয় গোপন বৈঠক
",670,30.0,0.3356346255974509,33.56346255974509
20725721,গ্রাহকের টাকায় ম্যানেজার আল আমিনের একাধিক ব্যবসা প্রতিষ্ঠান,666,31.0,0.3335103558151885,33.35103558151885
20725801,সরাইলে ৩ মাসে ৫ খুন,644,32.0,0.3218268720127456,32.18268720127456
20725353,"

উইকেট না হারালে শেষ বিকেলটা হতো বাংলাদেশের
",603,33.0,0.30005310674455654,30.005310674455654
20725443,"
সিয়াম সাধনার মাস 
সিয়ামের অনুষঙ্গ সদাকাতুল ফিতর
",592,34.0,0.2942113648433351,29.42113648433351
20729937,"

পৃথিবী ঘুরে দেখার স্বপ্ন শাফায়েতের
",589,35.0,0.29261816250663836,29.261816250663834
20725454,"

সরকার জিয়াউর রহমানের নাম মুছে ফেলার চক্রান্ত করছে : মির্জা ফখরুল
",585,36.0,0.290493892724376,29.049389272437597
20725352,"
৯ এপ্রিল ছুটির সুপারিশ  
সরকারের অভিযোগ আমলে না নিলে ফেসবুক ও ইউটিউব বন্ধ
",579,37.0,0.2873074880509825,28.73074880509825
20725758,বাংলাদেশকে পার্থক্য বোঝাচ্ছে অস্ট্রেলিয়া,573,38.0,0.28412108337758896,28.412108337758895
20725431,"

বেনাপোল বন্দর ছাড়ছেন অসাধু আমদানিকারকরা
",566,39.0,0.28040361125862984,28.040361125862983
20725422,"

 পেনশনের আওতায় আসছেন পাঁচ লাখ বেসরকারি শিক্ষক
যৌক্তিক দাবিতে নমনীয় সরকার প্রস্তুত হচ্ছে খসড়া
",562,40.0,0.2782793414763675,27.82793414763675
20730025,"রাজস্ব বাড়বে ১০হাজার কোটি, অকাল মৃত্যু রুখবে ১১ লাখ",562,40.0,0.2782793414763675,27.82793414763675
20725348,"

 ব্যাংক ঋণের সুদ আরো বাড়ছে
",553,42.0,0.27349973446627723,27.349973446627722
20732378,শিক্ষাঙ্গনকে কলুষিত করেছে ছাত্রলীগ: এবি পার্টি,550,43.0,0.27190653212958044,27.190653212958043
20725452,"

ঠাকুরগাঁওয়ের ঐতিহাসিক জিনের মসজিদ নিয়ে যত কথা
",545,44.0,0.26925119490175253,26.925119490175252
20725719,তুরস্কে স্থানীয় নির্বাচন কার্যত প্রেসিডেন্ট এরদোগান ও মেয়র ইমামোগলুর লড়াই,543,45.0,0.26818906001062137,26.81890600106214
20725756,বাংলাদেশের ভুলে ভুলে শ্রীলঙ্কার ‘রেকর্ড’,529,46.0,0.26075411577270313,26.075411577270312
20725339,"

গণমাধ্যমকে দেশের ইতিবাচক দিক তুলে ধরতে হবে : পররাষ্ট্রমন্ত্রী
",527,47.0,0.25969198088157197,25.969198088157196
20725464,"

খালেদা জিয়াকে চিকিৎসা জন্য বিদেশে পাঠানোর আহ্বান জামায়াতের
",520,48.0,0.25597450876261285,25.597450876261284
20725762,নানাকে ভুয়া মুক্তিযোদ্ধা বানিয়ে সরকারি চাকরি করছেন নাতি,516,49.0,0.25385023898035053,25.38502389803505
20725761,সাবিনা-সানজিদাদের ঠিকানা নাসরিন স্পোর্টিং ক্লাব,498,50.0,0.24429102496016994,24.429102496016995
20725751,দৌলতপুরে শিক্ষা কর্মকর্তা শফিউলের বিরুদ্ধে অনিয়মের অভিযোগ,487,51.0,0.2384492830589485,23.84492830589485
20729938,"

গোবিন্দগঞ্জে সড়ক দুর্ঘটনায় নিহত ৪ পরিবারকে জামায়াতের আর্থিক সহায়তা প্রদান
",479,52.0,0.2342007434944238,23.42007434944238
20725735,যোগ-বিয়োগের ফাঁদে ফেলে অর্থ লুট,478,53.0,0.23366967604885822,23.366967604885822
20725740,বাবা-ছেলের কোটি টাকার প্রতারণা,477,54.0,0.2331386086032926,23.31386086032926
20730880,ক্যাম্পাসকে ছাত্ররাজনীতি মুক্ত রাখতে শিক্ষকদের পাশে চান তারা,466,55.0,0.22729686670207117,22.729686670207116
20725780,কর্মচারী আইন শিথিল নয় সম্পদের হিসাব দাখিল বাধ্যতামূলক করতে হবে,459,56.0,0.22357939458311205,22.357939458311204
20725397,"

বিদ্যুৎ বিভ্রাটে ভোগান্তি বাড়ছে ফরিদপুরে
",459,56.0,0.22357939458311205,22.357939458311204
20725440,"

বেনারসি পল্লীতে শাড়ির দামে বেকুব ক্রেতা
",456,58.0,0.2219861922464153,22.19861922464153
20731578,"

চাঁদাবাজির প্রতিবাদে ভৈরবে বেসরকারি ক্লিনিক-হাসপাতালে ওষুধ সরবরাহ বন্ধ
",448,59.0,0.2177376526818906,21.77376526818906
20725465,"

জোড়াতালি দিয়ে চলছে জামালপুরের একমাত্র স্বাস্থ্য শিক্ষাপ্রতিষ্ঠান
",448,59.0,0.2177376526818906,21.77376526818906
20725361,"
বিক্ষোভে উত্তাল বুয়েট 
ছাত্ররাজনীতিতে আপত্তি
",447,61.0,0.21720658523632502,21.7206585236325
20725793,চাঁপাইনবাবগঞ্জে বীমা দাবির চেক পেয়ে খুশি শতাধিক গ্রাহক,445,62.0,0.21614445034519383,21.614445034519385
20725427,"
বিভিন্ন ইসলামী দলের বিবৃতি  
পাঞ্জাবির লোগোতে সমকামীদের চিহ্ন ক্ষমার অযোগ্য অপরাধ 
",441,63.0,0.21402018056293148,21.402018056293148
20725771,২ চেয়ারম্যান প্রার্থীকে সরে দাঁড়াতে এমপি’র নির্দেশ,437,64.0,0.21189591078066913,21.189591078066915
20730211,"

তৃতীয় দিন শেষেও চালকের আসনে শ্রীলঙ্কা
",434,65.0,0.2103027084439724,21.03027084439724
20729944,"

দুর্নীতি মামলায় সাবেক বিচারপতি জয়নুলের বিচার শুরু
",430,66.0,0.20817843866171004,20.817843866171003
20725410,"

সাবিনাদের নিয়ে নাসরিনের ট্রফির স্বপ্ন
",419,67.0,0.20233669676048857,20.23366967604886
20725743,‘ইন্ডিয়া জোট আমি তৈরি করেছি নামটাও আমার দেয়া ভোটের পর ওটা দেখে নেবো’,417,68.0,0.2012745618693574,20.127456186935742
20725789,‘সরকারের অবৈধ কর্মকাণ্ডের বিরুদ্ধে সাংবাদিকদের কলাম বিরামহীনভাবে চালাতে হবে’,413,69.0,0.19915029208709506,19.915029208709505
20729939,"

ঘিওরে ৩০০ বছরের ঐতিহ্যবাহী জামাই মেলা শুরু
",412,70.0,0.19861922464152948,19.861922464152947
20725346,"

বুয়েটে জঙ্গিবাদের মতো কিছু পাওয়া গেলে অ্যাকশনে যেতে হবে : কাদের
",411,71.0,0.1980881571959639,19.80881571959639
20729934,"

রাজনগরে অগ্নিকাণ্ডে বৃদ্ধার মৃত্যু
",406,72.0,0.19543281996813594,19.543281996813594
20727084,"

গাজার পথে ৪০০ টন ত্রাণ, যথেষ্ট নয় বলছেন মানবতাবাদীরা
",406,72.0,0.19543281996813594,19.543281996813594
20725759,অবশেষে প্রথম গ্র্যান্ডমাস্টার নর্ম পেলেন ফাহাদ,406,72.0,0.19543281996813594,19.543281996813594
20725434,"

ঢাকা ও চট্টগ্রামে ভারতীয় পেঁয়াজ ৪০ টাকা কেজি দরে বিক্রি হবে : বাণিজ্য প্রতিমন্ত্রী
",404,75.0,0.19437068507700478,19.437068507700477
20725419,"

ভালো নেই জল্লাদ শাহজাহান তল্পিতল্পা নিয়ে পালাল স্ত্রী
",403,76.0,0.1938396176314392,19.38396176314392
20725796,এপ্রিলে ভোক্তা ঋণে সুদ গুনতে হবে ১৪.৫৫ শতাংশ,403,76.0,0.1938396176314392,19.38396176314392
20732364,"

তামাক বিরোধীদের বাজেট প্রস্তাব বাস্তবায়ন হলে ১১ লাখ অকাল মৃত্যুরোধ সম্ভব
",402,78.0,0.19330855018587362,19.33085501858736
20730881,দেশে প্রথমবারের মতো ওমরাহ কার্ড চালু করলো ন্যাশনাল ব্যাংক,397,79.0,0.19065321295804566,19.065321295804566
20725360,"
ভাঙ্গা-যশোর দ্রুতগতির ট্রেন 
অগ্রগতির নতুন নিদর্শন
",395,80.0,0.1895910780669145,18.95910780669145
20725430,"
উপবৃত্তির নামে প্রতারণা 
‘রাজমিস্ত্রি চক্র’ হাতিয়ে নেয় মোটা অঙ্কের টাকা
",394,81.0,0.18906001062134892,18.90600106213489
20725785,কিশোরগঞ্জে মনি হত্যা মামলা তুলে নিতে হুমকি,392,82.0,0.18799787573021773,18.799787573021774
20725722,রাজশাহীতে জমে উঠেছে ঈদবাজার,391,83.0,0.18746680828465215,18.746680828465216
20729607,"

ঈদে ৯০ লাখ মানুষ সড়কপথে ঢাকা ছাড়বে
",391,83.0,0.18746680828465215,18.746680828465216
20725413,"

নূরীর মা হাফসার জামিন স্থগিতাদেশ তুলে নেয়ার আবেদন শুনানি ৩ এপ্রিল  
",387,85.0,0.1853425385023898,18.53425385023898
20725429,"

উখিয়ায় পাহাড় কাটায় বাধা, ডাম্প ট্রাকের চাপায় বিট কর্মকর্তার মৃত্যু
",386,86.0,0.18481147105682422,18.48114710568242
20725747,"প্রতিবাদে শিক্ষার্থী অভিভাবকদের বিক্ষোভ মিছিল, ভাঙচুর",382,87.0,0.18268720127456187,18.268720127456188
20725349,"

খালেদা জিয়া সিসিইউতে
",369,88.0,0.17578332448220924,17.578332448220923
20725738,স্বামীর বিরুদ্ধে হয়রানির অভিযোগ অধিকারকর্মী সাধনার,363,89.0,0.17259691980881572,17.259691980881573
20725428,"

কুয়ালালামপুরে দেশীয় ইফতারসামগ্রীর পসরা
",361,90.0,0.17153478491768454,17.153478491768453
20729928,"

সরকার ত্রাসের রাজত্ব কায়েম করে নাই : কাদের
",361,90.0,0.17153478491768454,17.153478491768453
20725723,"২১ দিন পর ছোয়াদকে কুমিল্লা থেকে উদ্ধার, আটক ১৭",358,92.0,0.1699415825809878,16.99415825809878
20730650,"

ভুয়া ও এই ডামি নির্বাচন জনগণ প্রত্যাখ্যান করেছে : সাবেক স্বরাষ্ট্রমন্ত্রী
",357,93.0,0.16941051513542218,16.94105151354222
20725737,ছাত্রলীগ জোর করে বিশ্ববিদ্যালয় দখলের চেষ্টা করছে,356,94.0,0.1688794476898566,16.887944768985662
20725724,স্থাপত্য শিল্পে বঙ্গবন্ধুর মুখচ্ছবি,356,94.0,0.1688794476898566,16.887944768985662
20725782,শৈলকুপায় নদী দখল করে যুবলীগ নেতার ইটভাটা-পুকুর খনন,348,96.0,0.1646309081253319,16.463090812533192
20728695,শ্রীপুরের লাইফ কেয়ার হাসপাতালে সিজার করতে এসে এক প্রসূতির মায়ের মৃত্যুর অভিযোগ,346,97.0,0.16356877323420074,16.356877323420075
20725407,"

লিভারপুল জয়ী
",344,98.0,0.16250663834306958,16.25066383430696
20725727,মহেশপুরে সহকারী শিক্ষা অফিসারের বিরুদ্ধে অনিয়মের অভিযোগ,343,99.0,0.16197557089750397,16.197557089750397
20725437,"

ড্রেজিংয়ে অনিয়ম-দুর্নীতিতে ১০ নৌপথ পরিত্যক্ত
এসসিআর এফের প্রতিবেদন
",339,100.0,0.15985130111524162,15.985130111524162
20729927,"

কুমিল্লায় যুবক খুনের দায়ে দু’জনের মৃত্যুদণ্ড
",338,101.0,0.15932023366967604,15.932023366967604
20725725,সিলেটে স্বেচ্ছাসেবক লীগ নেতার বিরুদ্ধে কিশোরী ধর্ষণ মামলা,337,102.0,0.15878916622411046,15.878916622411046
20729930,"

ছাত্ররাজনীতি : বুয়েট ভিসি বললেন- ‘আদালতের আদেশ শিরোধার্য’
",336,103.0,0.15825809877854488,15.825809877854487
20731581,"

‘দেশে ন্যায় বিচার প্রতিষ্ঠার জন্য ল’ইয়ার্স কাউন্সিল কাজ করে যাচ্ছে’
",334,104.0,0.1571959638874137,15.719596388741369
20725377,"

 সাগর ও আকাশপথে শেনজেন অঞ্চলে যুক্ত বুলগেরিয়া-রোমানিয়া
",333,105.0,0.1566648964418481,15.66648964418481
20725776,"হত্যা মামলার আসামিরা প্রকাশ্যে, ধরছে না পুলিশ",330,106.0,0.15507169410515134,15.507169410515134
20725760,ব্যাটারদের দিকে তাকিয়ে বাংলাদেশ,329,107.0,0.15454062665958576,15.454062665958576
20725720,গাজায় স্থায়ী যুদ্ধবিরতির দাবি ফ্রান্স-মিশর-জর্ডানের,327,108.0,0.1534784917684546,15.34784917684546
20725788,কলাপাড়ায় আওয়ামী লীগ নেতার চাঁদা দাবির অভিযোগ,326,109.0,0.15294742432288902,15.294742432288903
20725742,ঈদের ছুটি একদিন বাড়ানোর সুপারিশ,325,110.0,0.1524163568773234,15.241635687732341
20726939,"

কালবৈশাখী ঝড় ও শিলাবৃষ্টিতে বিপর্যস্ত সিলেট
",325,110.0,0.1524163568773234,15.241635687732341
20725338,"

মাহি ম্যাজিকেও হলো না শেষরক্ষা, পন্থের দুরন্ত ব্যাটিংয়ে চেন্নাই জয় দিল্লির
",325,110.0,0.1524163568773234,15.241635687732341
20725423,"

আজ থেকে  সুন্দরবনে মধু আহরণ শুরু
",324,113.0,0.15188528943175783,15.188528943175783
20725438,"

সোহেল ও অমিতসহ বিএনপির ৫২ নেতা কারাগারে
",322,114.0,0.15082315454062667,15.082315454062666
20725774,"ফি আছে, সেবা নেই",321,115.0,0.15029208709506106,15.029208709506106
20730024,আদালতের আদেশ শিরোধার্য: বুয়েট ভিসি,319,116.0,0.1492299522039299,14.92299522039299
20725376,"

যুক্তরাষ্ট্রে অভিবাসীদের গুরুত্ব বোঝাচ্ছে বাল্টিমোর দুর্ঘটনা
",319,116.0,0.1492299522039299,14.92299522039299
20725779,কানাইঘাটে বিয়ের ৬ মাসের মাথায় নববধূর রহস্যজনক মৃত্যু,317,118.0,0.14816781731279874,14.816781731279875
20730021,সন্ত্রাস ছাড়া সরকার টিকতে পারবে না: গয়েশ্বর,316,119.0,0.14763674986723313,14.763674986723313
20727271,যশোরে বিএনপির ৪৩ নেতাকর্মীকে কারাগারে প্রেরণ,310,120.0,0.14445034519383962,14.445034519383961
20725391,"

পিরোজপুরজুড়ে ভয়ঙ্কর হয়ে উঠছে কিশোর গ্যাং
দেশীয় অস্ত্রসহ গ্যাংয়ের ১৮ সদস্য গ্রেফতার
",309,121.0,0.14391927774827404,14.391927774827403
20729943,"

তাপপ্রবাহে পুড়ছে চুয়াডাঙ্গা
",307,122.0,0.14285714285714285,14.285714285714285
20726943,ঈদের ছুটিতে হাসপাতালে পর্যাপ্ত জনবল রাখাসহ ১২ নির্দেশনা,306,123.0,0.14232607541157727,14.232607541157726
20725718,ফুটবলারের সঙ্গে প্রেম করে চাকরি হারালেন লেস্টার কোচ,306,123.0,0.14232607541157727,14.232607541157726
20729611,"

নতুন ভেন্যুতে একই গল্প বাংলাদেশের, তবে করতে হচ্ছে না ফলোঅন
",304,125.0,0.1412639405204461,14.12639405204461
20731590,ইসলামের বিরুদ্ধে সিন্ডিকেটভিত্তিক অপপ্রচার চলছে: চরমোনাই পীর,303,126.0,0.1407328730748805,14.07328730748805
20725355,"

মুহিনের কণ্ঠে এবার স্বাধীনতার গান
",302,127.0,0.14020180562931492,14.020180562931492
20725455,"

ট্রান্সকমের শীর্ষ ৩ জনকে দেশে ফেরার ৭২ ঘণ্টার মধ্যে আত্মসমর্পণের নির্দেশ
",302,127.0,0.14020180562931492,14.020180562931492
20725411,"

নতুন বলটা হুমকি : হেম্প
",298,129.0,0.13807753584705257,13.807753584705257
20725408,"

অবশেষে জিএম নর্ম ফাহাদের
",298,129.0,0.13807753584705257,13.807753584705257
20727110,"বিক্ষোভে উত্তাল ইসরাইল, নেতানিয়াহুর পদত্যাগ দাবি",297,131.0,0.137546468401487,13.754646840148698
20728698,মানব চামড়া দিয়ে বাঁধানো বই সরিয়ে দেয়া হলো হার্ভার্ড লাইব্রেরি থেকে,293,132.0,0.13542219861922464,13.542219861922463
20725345,"
চট্টগ্রামে উলামা-মাশায়েখ পরিষদের ইফতার মাহফিল  
অপসংস্কৃতির আগ্রাসন প্রতিরোধে ইমামরা গুরুত্বপূর্ণ ভূমিকা রাখতে পারেন : আ ক ম আবদুল কাদের
",291,133.0,0.13436006372809348,13.436006372809347
20732367,"

বিরাজনীতিকরণের নামে বুয়েটকে জঙ্গিবাদের আখড়া বানানো যাবে না : পররাষ্ট্রমন্ত্রী
",290,134.0,0.13382899628252787,13.382899628252787
20725741,লিটারে ২ টাকা ২৫ পয়সা কমলো ডিজেল ও কেরোসিনের দাম,290,134.0,0.13382899628252787,13.382899628252787
20730204,"

লেখাপড়ার স্বার্থে রাজনীতি বন্ধ রাখবে কি না এ সিদ্ধান্ত বুয়েটের : গয়েশ্বর রায়
",289,136.0,0.1332979288369623,13.329792883696229
20726937,"

তুরস্কে স্থানীয় নির্বাচন : ইস্তাম্বুল ও আংকারায় বিরোধীদের জয়ের দাবি
",286,137.0,0.13170472650026555,13.170472650026554
20730872,বেপরোয়া গাড়ি চালানোর কারণে দুর্ঘটনা বাড়ছে: জামায়াত,285,138.0,0.13117365905469994,13.117365905469994
20727106,বিলবাওকে হারিয়ে শিরোপার আরো কাছে রিয়াল,285,138.0,0.13117365905469994,13.117365905469994
20727262,"

টিকে থাকার লড়াইয়ে মাঠে নেমেছে বাংলাদেশ
",283,140.0,0.13011152416356878,13.011152416356877
20730215,ইতিহাসের পাতায় ‘স্বৈরশাসক’ হিসেবে আরওয়ামী লীগের নাম লিপিবদ্ধ থাকবে : সালাম,282,141.0,0.1295804567180032,12.958045671800319
20725416,"

কবি আবদুল হাই মাশরেকীর জন্মবার্ষিকী আজ
",278,142.0,0.12745618693574085,12.745618693574084
20729614,"‘মোদি থামবে না, দুর্নীতির বিরুদ্ধে অভিযান চলবে’",277,143.0,0.12692511949017526,12.692511949017526
20728171,মোহাম্মদপুরে অস্ত্রসহ কিশোর গ্যাংয়ের ১৬ সদস্য গ্রেপ্তার,276,144.0,0.12639405204460966,12.639405204460965
20730869,আদালতের রায় আবরারের হত্যাকারীদের উৎসাহিত করেছে: রিজভী,274,145.0,0.1253319171534785,12.533191715347849
20729609,"

বাসের ভাড়া কমছে ৩ পয়সা
",274,145.0,0.1253319171534785,12.533191715347849
20725417,"

 না’গঞ্জে ধর্ষণের পর হত্যা তিনজনের যাবজ্জীবন 
",274,145.0,0.1253319171534785,12.533191715347849
20725373,"

দিল্লিকে পূর্ণ রাজ্যের মর্যাদাসহ কেজরিওয়ালের নির্বাচনী ছয় প্রতিশ্রুতি
",274,145.0,0.1253319171534785,12.533191715347849
20727266,"

টালমাটাল পাকিস্তান ক্রিকেট, ভুয়া বিবৃতি দিয়ে উস্কে দিয়েছে বিতর্ক
",274,145.0,0.1253319171534785,12.533191715347849
20725351,"

 সেপটিক ট্যাংকে শিক্ষার্থীর লাশ
",273,150.0,0.1248008497079129,12.48008497079129
20725732,বেক্সিমকো’র ২৬২৫ কোটি টাকার বন্ড অনুমোদন,273,150.0,0.1248008497079129,12.48008497079129
20725765,মৌলভীবাজারে খেলাফত মজলিসের ইফতার মাহফিল,272,152.0,0.12426978226234732,12.426978226234732
20725456,"

জবির বিতর্কিত কর্মকর্তা আলতাফকে অপসারণ 
",270,153.0,0.12320764737121614,12.320764737121614
20725726,কুমিল্লায় বিএনপি’র ইফতার মাহফিল অনুষ্ঠিত,269,154.0,0.12267657992565056,12.267657992565056
20725804,‘আমাদের মাঝে কোনো ঝামেলা নেই’,269,154.0,0.12267657992565056,12.267657992565056
20725798,"সুনামগঞ্জে আগ্নেয়াস্ত্র নিয়ে চেয়ারম্যান বাহিনীর মহড়া, ভিডিও ভাইরাল",269,154.0,0.12267657992565056,12.267657992565056
20725750,সোনাইমুড়ীতে ৯৪ ব্যাচ বন্ধু মহল’র ঈদ উপহার ও ইফতার মাহফিল,268,157.0,0.12214551248008497,12.214551248008497
20725763,"‘ভোটে আমরা হারিনি, ম্যাকানিজম করে হারানো হইছে’",265,158.0,0.12055231014338821,12.05523101433882
20725767,"ইফতারের সময় ডেকে নিয়ে কিশোরকে হত্যা, দুই বন্ধু আটক",265,158.0,0.12055231014338821,12.05523101433882
20725409,"

এবারো শুরুটা ১০ উইকেটের হার দিয়ে
",265,158.0,0.12055231014338821,12.05523101433882
20727264,"

ঈদে ছুটি ১ দিন বাড়বে কি না সিদ্ধান্ত আজ
",265,158.0,0.12055231014338821,12.05523101433882
20727270,নতুন অধিনায়ক বাবরকে নিয়ে দেয়া আফ্রিদির বিবৃতিটি মিথ্যা,263,162.0,0.11949017525225704,11.949017525225704
20725755,রোলেক্স ঘড়ির সন্ধানে পেরুর প্রেসিডেন্টের বাসায় অভিযান,261,163.0,0.11842804036112586,11.842804036112586
20725446,"

তুরস্কে প্রধান নগরীগুলোতে জয়ের পথে বিরোধী দল
",260,164.0,0.11789697291556028,11.789697291556028
20728688,"

৭ উইকেট হারিয়ে ফলোঅনের শঙ্কায় বাংলাদেশ
",259,165.0,0.11736590546999469,11.73659054699947
20730652,"

ঈদের আগের মাসে রেমিট্যান্স প্রবাহে ভাটা
",257,166.0,0.11630377057886351,11.630377057886351
20730023,নির্যাতন করে বিএনপিকে দমিয়ে রাখা যাবে না: আমিনুল,256,167.0,0.11577270313329793,11.577270313329793
20725792,আর্থ-সামাজিক উন্নয়নে এডিবি’র আরও সহায়তা চেয়েছেন প্রধানমন্ত্রী,256,167.0,0.11577270313329793,11.577270313329793
20725746,এবার ঢাবি’র কোয়ার্টারে শিক্ষার্থীর আত্মহত্যা,255,169.0,0.11524163568773234,11.524163568773234
20725441,"

তুরস্কে স্থানীয় নির্বাচনে ভোট গ্রহণ
",255,169.0,0.11524163568773234,11.524163568773234
20730877,ঢাকায় অনারের আরও নতুন দুটি আউটলেট উদ্বোধন,255,169.0,0.11524163568773234,11.524163568773234
20725343,"

২০ বছরের অধিক বয়সী বাস প্রত্যাহার করতে হবে : পরিবেশমন্ত্রী
",254,172.0,0.11471056824216676,11.471056824216676
20731577,"

রাজধানীতে কিশোর গ্যাংয়ের ১৬ সদস্য আটক
",251,173.0,0.11311736590546999,11.311736590547
20725439,"

জামায়াত-অজামায়াত কিছুই বুঝি না, বুঝি প্রার্থী প্রার্থীই : ইসি রাশেদা সুলতানা 
",251,173.0,0.11311736590546999,11.311736590547
20729940,"

রাজবাড়ীতে চাকরির প্রলোভন দেখিয়ে টাকা হাতিয়ে নেয়া চক্রের ৩ সদস্য গ্রেফতার
",248,175.0,0.11152416356877323,11.152416356877323
20725791,মুগ্ধর বোলিং আর খালিদের ব্যাটিংয়ে জয় শাইনপুকুরের,248,175.0,0.11152416356877323,11.152416356877323
20725395,"

ঘাঘট নদীর ভাঙন আতঙ্কে পাশপাশের মানুষ
",247,177.0,0.11099309612320765,11.099309612320765
20725745,নারায়ণগঞ্জে প্রেমিকাকে ধর্ষণ শেষে হত্যা ৩ জনের যাবজ্জীবন,247,177.0,0.11099309612320765,11.099309612320765
20725386,"

ঝালকাঠিতে জমে উঠেছে ঈদ মার্কেট
",246,179.0,0.11046202867764206,11.046202867764206
20725462,"

বদর যুদ্ধের শহীদ সাহাবায়ে কিরাম
",245,180.0,0.10993096123207648,10.993096123207648
20725772,বন্ধু রাষ্ট্রের সহযোগিতায় ক্ষমতায় এসেছে আওয়ামী লীগ- মঈন খান,245,180.0,0.10993096123207648,10.993096123207648
20728168,এমবাপ্পের প্রশ্নে ‘বিরক্ত’ পিএসজি কোচ এনরিকে,245,180.0,0.10993096123207648,10.993096123207648
20727105,কেন সরকারি অনুষ্ঠানে 'রেড কার্পেট' নিষিদ্ধ করেছে পাকিস্তান?,244,183.0,0.10939989378651088,10.939989378651088
20732376,বুয়েটের ছাত্রদের সঙ্গে অন্যায় হলে ছাত্র-শিক্ষক-অভিভাবকদের নিয়ে রাজপথে নামবো: নুর,243,184.0,0.1088688263409453,10.88688263409453
20727268,সিটি-আর্সেনাল মহারণ ড্র,242,185.0,0.10833775889537971,10.833775889537971
20730208,"

আওয়ামী লীগ রাষ্ট্রীয় ক্ষমতা সম্পূর্ণ কুক্ষিগত করে ফেলেছে : সালাম
",242,185.0,0.10833775889537971,10.833775889537971
20725396,"
ইউপি সদস্যের কাছে প্রশাসন অসহায় 
মুরাদনগরে খিড়া নদীতে বাঁধ দিয়ে কৃষিজমির মাটি নিচ্ছে ইটভাটায়
",241,187.0,0.10780669144981413,10.780669144981413
20731575,"

ক্যাম্পাসগুলোতে ভিন্ন মতালম্বী সংগঠনকে কাজ করতে দিচ্ছে না ছাত্রলীগ : শিবির সভাপতি
",241,187.0,0.10780669144981413,10.780669144981413
20725433,"

রিক চায় বোকা হতে!
",241,187.0,0.10780669144981413,10.780669144981413
20725347,"

 দেশের অর্থনৈতিক পরিস্থিতি নিয়ে সব দ্বিধাদ্বন্দ্ব কেটে গেছে : অর্থমন্ত্রী
",240,190.0,0.10727562400424855,10.727562400424855
20732377,আদালতের রায়ে আবরারের হত্যাকারীদের উৎসাহিত করা হয়েছে : রিজভী,239,191.0,0.10674455655868295,10.674455655868295
20729613,কেজরিওয়ালকে ২ সপ্তাহের জন্য জেলে পাঠালো আদালত,239,191.0,0.10674455655868295,10.674455655868295
20725371,"

পেকারি  
",239,191.0,0.10674455655868295,10.674455655868295
20725421,"
সাহায্যের আবেদন 
৩২ বছরের মামুন দেখতে শিশুর মতো
",239,191.0,0.10674455655868295,10.674455655868295
20725790,টি-টোয়েন্টি দিয়ে শুরু হচ্ছে আঞ্চলিক ক্রিকেট সংস্থা,238,195.0,0.10621348911311737,10.621348911311737
20725728,বশেমুরকৃবিতে ডিজিটাল স্কিলস্‌ ফর স্টুডেন্টস প্রশিক্ষণ,238,195.0,0.10621348911311737,10.621348911311737
20731579,"

৭ জানুয়ারির ভোটে আওয়ামী লীগের খরচ পৌনে ৩ কোটি টাকা
",236,197.0,0.1051513542219862,10.51513542219862
20725777,চবি সাংবাদিকতা অ্যালামনাই এসোসিয়েশনের বার্ষিক সাধারণ সভা ও ইফতার মাহফিল সম্পন্ন,235,198.0,0.1046202867764206,10.46202867764206
20725778,"ভোটের পরিবেশ সৃষ্টি হয়েছে, আরও হবে: রাশেদা সুলতানা",231,199.0,0.10249601699415826,10.249601699415827
20725444,"

আর্থসামাজিক উন্নয়নে এডিবির আরো সহায়তা চেয়েছেন প্রধানমন্ত্রী
",230,200.0,0.10196494954859267,10.196494954859267
20725794,দেশ শ্রীলঙ্কা হবে যারা ভেবেছিল তাদের ধারণা ভুল,230,200.0,0.10196494954859267,10.196494954859267
20725757,"বাসের অগ্রিম টিকিট বিক্রি ২রা এপ্রিল, ট্রেনের ফিরতি ৩রা এপ্রিল",229,202.0,0.10143388210302709,10.143388210302708
20729941,"

আ’লীগ দেশকে দাসত্বের দিকে নিয়ে গেছে : আমিনুল হক
",229,202.0,0.10143388210302709,10.143388210302708
20728170,শীর্ষে উঠে শিরোপা জয়ের হুঙ্কার লিভারপুল কোচ ক্লপের,226,204.0,0.09984067976633032,9.984067976633032
20725451,"

অব্যাহত রুশ হামলার মুখে আরো সহযোগীকে বরখাস্ত জেলেন্সকির
",226,204.0,0.09984067976633032,9.984067976633032
20730654,"

রোহিঙ্গাদের প্রত্যাবাসনে ইন্দোনেশিয়া ও আইওএমের সহযোগিতার আহ্বান পররাষ্ট্রমন্ত্রীর
",225,206.0,0.09930961232076474,9.930961232076474
20731587,"

ইসরাইলের সাথে সমন্বয় করে গাজায় বাহিনী পাঠিয়েছে ফাতাহ, অভিযোগ হামাসের
",224,207.0,0.09877854487519915,9.877854487519915
20730203,"

রাজনগরে আগুনে পুড়ে বৃদ্ধার মৃত্যু
",224,207.0,0.09877854487519915,9.877854487519915
20731585,"

শান্তিকামী মানুষের আন্দোলন বন্দুক দিয়ে থামিয়ে রাখা যায় না : ড. মঈন খান
",224,207.0,0.09877854487519915,9.877854487519915
20725418,"

 টেকনাফে অপহৃত শিশু ২২ দিন পর লালমাই  থেকে উদ্ধার 
",223,210.0,0.09824747742963356,9.824747742963357
20725359,"

সৃজনশীলতা বৃদ্ধিতে ভিডিও গেমস
",222,211.0,0.09771640998406797,9.771640998406797
20732379,বাস-ট্রেন-লঞ্চে অতিরিক্ত যাত্রী পরিবহন করলেই ব্যবস্থা-স্বরাষ্ট্রমন্ত্রী,221,212.0,0.09718534253850239,9.718534253850239
20725388,"

 সৈয়দপুর পৌর মেয়রের অপসারণ দাবি
",221,212.0,0.09718534253850239,9.718534253850239
20725420,"

স্বামীকে বিষপ্রয়োগে হত্যা স্ত্রীর যাবজ্জীবন 
",220,214.0,0.09665427509293681,9.66542750929368
20725412,"

 উপজেলা নির্বাচন বিধি সংশোধন চায় সাংস্কৃতিক মুক্তিজোট
",218,215.0,0.09559214020180563,9.559214020180564
20728691,"

অভিযান শেষে আল-শিফা থেকে সৈন্য প্রত্যাহার করল ইসরাইল
",217,216.0,0.09506107275624004,9.506107275624004
20729618,প্রথমবার উপস্থাপনায় ইমরান,217,216.0,0.09506107275624004,9.506107275624004
20725398,"

ঘাটাইলে শিক্ষার আলো ছড়াচ্ছে অনুসন্ধান স্কুল
",217,216.0,0.09506107275624004,9.506107275624004
20729610,"

বুয়েটে ছাত্ররাজনীতিতে কোনো বাধা নেই : হাইকোর্ট
",216,219.0,0.09453000531067446,9.453000531067445
20725344,"

যারা ভারতের দালালি করে তাদেরকে প্রতিরোধ করতে হবে : মাওলানা জালালুদ্দীন 
",216,219.0,0.09453000531067446,9.453000531067445
20730645,"

জলবায়ু অভিযোজনে প্রতি বছর ব্যয় ৩.৫ বিলিয়ন ডলার : পরিবেশমন্ত্রী
",214,221.0,0.09346787041954328,9.346787041954329
20725744,যুক্তরাষ্ট্রে প্রায় সাড়ে ৭ কোটি গ্রাহকের ব্যক্তিগত তথ্য ফাঁস,214,221.0,0.09346787041954328,9.346787041954329
20731588,কিলোমিটারে বাস ভাড়া কমলো ৩ পয়সা,213,223.0,0.09293680297397769,9.293680297397769
20729932,"

দেওয়ানগঞ্জে পুলিশ সুপারের বাসার ছাদ থেকে ৪ গন্ধ গোকুল উদ্ধার
",213,223.0,0.09293680297397769,9.293680297397769
20725387,"

বাকপ্রতিবন্ধী সুমাইয়া উচ্চশিক্ষিত হয়ে স্বাবলম্বী হতে চায়
",213,223.0,0.09293680297397769,9.293680297397769
20730212,"

 ইসরাইল আল-শিফা থেকে সেনা প্রত্যাহার করেছে : হামাস
",209,226.0,0.09081253319171535,9.081253319171536
20731586,"

বাস ভাড়া কিলোমিটারে ৩ পয়সা কমিয়ে প্রজ্ঞাপন
মঙ্গলবার থেকে কার্যকর
",208,227.0,0.09028146574614976,9.028146574614976
20725734,অভিযোগ আমলে না নিলে ফেসবুক ইউটিউব বন্ধ করে দেয়া হবে,208,227.0,0.09028146574614976,9.028146574614976
20728165,"

৯ এপ্রিলের ছুটির সুপারিশ নাকচ
",208,227.0,0.09028146574614976,9.028146574614976
20725749,গভীর রাতে খালেদা জিয়াকে হাসপাতালে ভর্তি,207,230.0,0.08975039830058418,8.975039830058417
20725342,"

ছাত্র রাজনীতির বিপক্ষে যারা কথা বলে তারা উগ্রবাদী শক্তি : বাহাউদ্দিন নাছিম 
",206,231.0,0.08921933085501858,8.921933085501859
20725770,রায়পুরা আওয়ামী লীগের ইফতার ও দোয়া মাহফিল,206,231.0,0.08921933085501858,8.921933085501859
20725715,অন্য এক কিয়ারা,205,233.0,0.088688263409453,8.8688263409453
20725799,টেকনাফে এবার শিক্ষক অপহরণ ১২ লাখ টাকা মুক্তিপণ দাবি,205,233.0,0.088688263409453,8.8688263409453
20725752,আত্মসমর্পণের পর বিএনপি নেতা সোহেল কারাগারে,203,235.0,0.08762612851832183,8.762612851832182
20725357,"

ঈদে মি ফ্যানদের জন্য শাওমির ‘ঈদ উইথ মি’ ক্যাম্পেইন
",202,236.0,0.08709506107275625,8.709506107275624
20727103,মেজাজ হারালেন সারা,201,237.0,0.08656399362719065,8.656399362719066
20725436,"

ভারতের পেঁয়াজের প্রথম চালান ঢুকেছে দর্শনা বন্দর দিয়ে
",200,238.0,0.08603292618162507,8.603292618162508
20725748,"সীতাকুণ্ডে ড্রেজার বসিয়ে বালু উত্তোলন, হুমকির মুখে ব্রিজ",200,238.0,0.08603292618162507,8.603292618162508
20730864,জুয়েলারি ব্যবসায়ীদের বিশেষ আর্থিক সেবা দেবে পকেট,198,240.0,0.0849707912904939,8.49707912904939
20729942,"

ফের ইরাক থেকে ইসরাইলে ড্রোন হামলা
",197,241.0,0.0844397238449283,8.443972384492831
20729933,"

এবার তানজানিয়া জয় করল ১০ বছর বয়সী বাংলাদেশী হাফেজ হুজাইফা
",197,241.0,0.0844397238449283,8.443972384492831
20725768,সুনামগঞ্জে দোকানিকে ছুরিকাঘাতে হত্যা,196,243.0,0.08390865639936272,8.390865639936273
20725368,"
গল্পকথা 
রিশা রাফির দিনগুলো
",196,243.0,0.08390865639936272,8.390865639936273
20727263,"

ফরিদপুরে গাড়িচাপায় বাবা-ছেলে নিহত
",194,245.0,0.08284652150823155,8.284652150823154
20732366,"

জামিনে মুক্তি পেলেন বিএনপির দুলু
",194,245.0,0.08284652150823155,8.284652150823154
20725463,"

ঈদের বিশেষ নাটক ‘আমরা বোকা না’
",193,247.0,0.08231545406266595,8.231545406266596
20728693,"

গাজীপুরে বেতন-ঈদ বোনাসের দাবিতে শ্রমিকদের বিক্ষোভ
",192,248.0,0.08178438661710037,8.178438661710038
20726942,আজ ঢাকার বায়ু সংবেদনশীল গোষ্ঠীর জন্য অস্বাস্থ্যকর,191,249.0,0.08125331917153479,8.12533191715348
20725781,‘গণতন্ত্র পুনরুদ্ধার না হওয়া পর্যন্ত আমাদের সংগ্রাম চলছে চলবে’,190,250.0,0.0807222517259692,8.07222517259692
20725426,"
প্রতিবাদে মানববন্ধন 
ডেমরায় সড়ক ও জনপদের ২০০ কোটি  টাকার সম্পদ দখল হয়ে যাচ্ছে
",187,251.0,0.07912904938927244,7.912904938927244
20727081,"

ঢাকায় ওভারব্রিজে আটকে গেলো উড়োজাহাজ!
",187,251.0,0.07912904938927244,7.912904938927244
20725374,"

পাকিস্তানে দাঙ্গার ঘটনায় ৫১ জনের ৫ বছর করে কারাদণ্ড
",187,251.0,0.07912904938927244,7.912904938927244
20725389,"

রূপগঞ্জে যুবককে পিটিয়ে দুই পা ভেঙে দিলো সন্ত্রাসীরা
",187,251.0,0.07912904938927244,7.912904938927244
20725449,"

অস্টিয়োপোরেসিসের সমস্যা! সুস্থ থাকতে ৩ পরামর্শ
",186,255.0,0.07859798194370685,7.8597981943706845
20725784,সুনামগঞ্জে সড়ক দুর্ঘটনায় পুলিশ কর্মকর্তার মর্মান্তিক মৃত্যু,186,255.0,0.07859798194370685,7.8597981943706845
20726938,"

ম্যানসিটি-আর্সেনালের ড্রয়ে জিতল লিভারপুল
",184,257.0,0.07753584705257567,7.753584705257567
20732372,"

এই সরকার জনগণের ভোটে নির্বাচিত নয় : প্রিন্স
",183,258.0,0.07700477960701009,7.700477960701009
20727079,"

মেহেরপুরে ট্রাকের ধাক্কায় ২ সাইকেল আরোহী নিহত
",182,259.0,0.07647371216144451,7.647371216144451
20725764,নোয়াখালীতে চোরাই মোটরসাইকেলসহ যুবলীগ নেতা গ্রেপ্তার,179,260.0,0.07488050982474774,7.488050982474774
20730206,"

লাভলী রহমানের মৃত্যু, বিএনপির শোক
",178,261.0,0.07434944237918216,7.434944237918216
20725787,নিপুণের দাবি,178,261.0,0.07434944237918216,7.434944237918216
20725775,রাজাপুরে সাংবাদিককে লাঞ্ছিতের প্রতিবাদে মানববন্ধন,178,261.0,0.07434944237918216,7.434944237918216
20725401,"

 বেক্সিমকোর ২ হাজার ৬২৫ কোটি টাকার বন্ড আসছে
",176,264.0,0.07328730748805098,7.328730748805098
20729929,"

৮ ও ৯ এপ্রিল ঐচ্ছিক ছুটি নেয়া যাবে : মন্ত্রিপরিষদ সচিব
",175,265.0,0.07275624004248539,7.275624004248539
20731589,ক্যাম্পাসের ভিন্ন মতালম্বী সংগঠনকে কাজ করতে দিচ্ছেনা ছাত্রলীগ: শিবির সভাপতি,174,266.0,0.07222517259691981,7.222517259691981
20727104,মোহাম্মদপুরে ২৫ দিন শেকলে বেঁধে তরুণীকে সংঘবদ্ধ ধর্ষণ,173,267.0,0.07169410515135423,7.169410515135423
20730210,"

সাতক্ষীরা মেডিক্যাল কলেজে ছাত্রলীগের ২ গ্রুপের সংঘর্ষ
",172,268.0,0.07116303770578863,7.116303770578863
20729931,"

আড়াই কেজি আফিমসহ চোরাচালান চক্রের নারী সদস্য গ্রেফতার
",172,268.0,0.07116303770578863,7.116303770578863
20725415,"
হলমার্ক কেলেঙ্কারি 
রায় শুনে পালিয়ে যাওয়া তেঁতুলঝোড়া ইউপি চেয়ারম্যানের আত্মসমর্পণ
",170,270.0,0.07010090281465746,7.010090281465746
20727265,"

বিপদে বাংলাদেশ, নেই ৪ উইকেট
",170,270.0,0.07010090281465746,7.010090281465746
20725400,"

 বশেমুরকৃবিতে ডিজিটাল স্কিলস ফর স্টুডেন্টস প্রশিক্ষণ উদ্বোধন
",170,270.0,0.07010090281465746,7.010090281465746
20725340,"

বগুড়ার প্রকৌশলী মিঠুর ২০ বছরের গবেষণার ফল স্থাপত্যশিল্পে বঙ্গবন্ধুর মুখচ্ছবি
",169,273.0,0.06956983536909188,6.9569835369091875
20725457,"

রাজাপুর থানায় সাংবাদিককে লাঞ্ছিত করার প্রতিবাদে মানববন্ধন
",168,274.0,0.06903876792352628,6.903876792352628
20725962,"

মোটরসাইকেল দুর্ঘটনায় হলিউড অভিনেতার মৃত্যু
",168,274.0,0.06903876792352628,6.903876792352628
20730662,"

কিডনি দিয়ে ছেলের প্রাণ রক্ষা করলেন বাবা
",168,274.0,0.06903876792352628,6.903876792352628
20725402,"

দুস্থদের মাঝে স্বাধীনতা ব্যাংকার্স পরিষদের খাদ্যসামগ্রী  বিতরণ
",162,277.0,0.06585236325013277,6.585236325013277
20730209,"

৪ হাজার রানে ক্লাবে মুমিনুল
",160,278.0,0.0647902283590016,6.479022835900159
20731582,"

ট্রেনের নিচে ঝাঁপ দিয়ে গৃহবধূর আত্মহত্যা, বাঁচাতে গিয়ে প্রাণ গেল কলেজছাত্রের
",160,278.0,0.0647902283590016,6.479022835900159
20728697,বাস ভাড়া কমতে পারে কিলোমিটারে ৩ পয়সা,159,280.0,0.064259160913436,6.4259160913436
20725458,"

পান্নুন হত্যাচেষ্টা : তৃতীয় পক্ষের পরামর্শ নাকচ করল ভারত
",157,281.0,0.06319702602230483,6.319702602230483
20725341,"

নারায়ণগঞ্জ বিএনপির ৪৫০ নেতাকর্মীর আগাম জামিন
",157,281.0,0.06319702602230483,6.319702602230483
20725414,"

দক্ষিণ কোরিয়া যাচ্ছেন সিইসি হাবিবুল আউয়াল
",157,281.0,0.06319702602230483,6.319702602230483
20725468,"

জেলেনস্কির আয় বেড়ে তিন গুণ
",157,281.0,0.06319702602230483,6.319702602230483
20728690,"

সারাদেশে বাড়বে দিন, কমবে রাতের তাপমাত্রা
",156,285.0,0.06266595857673925,6.2665958576739245
20727111,"গাজার নির্যাতিত শিশুদের পাশে বাংলাদেশি সংগঠন লাভ শেয়ার বিডি, ১০ হাজার ডলার অনুদান",155,286.0,0.06213489113117366,6.213489113117366
20727108,তুরস্কের স্থানীয় সরকার নির্বাচনে এরদোগানের প্রার্থীদের পরাজয়,154,287.0,0.06160382368560807,6.160382368560807
20730205,"

গ্যাস বিস্ফোরণ : চিকিৎসাধীন বাবা-মা ও সন্তানের মৃত্যু
",153,288.0,0.061072756240042485,6.107275624004249
20725786,রামগঞ্জ প্রেস ক্লাবের ইফতার মাহফিল,151,289.0,0.06001062134891131,6.001062134891131
20729936,"

তোশাখানা মামলায় ইমরান খানের সাজা বাতিল
",151,289.0,0.06001062134891131,6.001062134891131
20725432,"

 ঝড়ের কবলে উড়োজাহাজ
",149,291.0,0.05894848645778014,5.894848645778014
20725382,"

নোয়াখালীতে ৭ দোকান আগুনে পুড়ে ছাই
",148,292.0,0.058417419012214554,5.8417419012214555
20725354,"

ইমন সাহার হাত ধরেই প্লেব্যাকে তাদের অভিষেক
",147,293.0,0.057886351566648966,5.788635156664896
20729617,বুয়েটে রাজনীতি নিষিদ্ধের সিদ্ধান্ত স্থগিত,146,294.0,0.05735528412108338,5.735528412108338
20728161,"

নির্বিঘ্নে ভোট দেয়ার পরিবেশ নিশ্চিতে আন্দোলন থেমে নেই : রিজভী
",146,294.0,0.05735528412108338,5.735528412108338
20725424,"

সিএনসি স্বাধীনতা পদক পেলেন পাঁচ বিশিষ্ট ব্যক্তি
",143,296.0,0.055762081784386616,5.5762081784386615
20725466,"

পদত্যাগ করবেন না পেরুর প্রেসিডেন্ট
",143,296.0,0.055762081784386616,5.5762081784386615
20730867,এতিম ও দরিদ্রদের নিয়ে দিরাই রিপোর্টার্স ইউনিটির ইফতার,142,298.0,0.05523101433882103,5.523101433882103
20728689,"

শায়েস্তাগঞ্জে ট্রেনের ধাক্কায় নিহত ১
",142,298.0,0.05523101433882103,5.523101433882103
20725773,ভারত থেকে এলো পিয়াজের প্রথম চালান,142,298.0,0.05523101433882103,5.523101433882103
20729608,"

ভারতীয় ৫০ হাজার টন পেঁয়াজের প্রথম চালান খালাস হচ্ছে সিরাজগঞ্জে
",140,301.0,0.054168879447689854,5.416887944768986
20727107,বকেয়া বেতনের দাবিতে সড়ক অবরোধ করে গাজীপুরে শ্রমিকদের বিক্ষোভ,137,302.0,0.0525756771109931,5.25756771109931
20725769,কয়রায় যুবকের লাশ উদ্ধার,134,303.0,0.050982474774296335,5.098247477429633
20725754,১২০০তম উপ-শাখার মাইলফলক অর্জন করলো আইএফআইসি ব্যাংক,133,304.0,0.05045140732873075,5.045140732873075
20725372,"

ইউক্রেনকে সাঁজোয়া যান ও ক্ষেপণাস্ত্র দেবে ফ্রান্স
",133,304.0,0.05045140732873075,5.045140732873075
20725447,"

কিনমেনের কাছে চীনা ড্রোনের চিত্র ধারণের নিন্দা তাইওয়ানের সামরিক বাহিনীর
",131,306.0,0.04938927243759957,4.938927243759958
20725714,এমি জান্নাতের ‘মনের বারণ’,130,307.0,0.048858204992033985,4.8858204992033984
20725783,মশিউর হত্যায় জড়িতদের শাস্তির দাবিতে মানববন্ধন,130,307.0,0.048858204992033985,4.8858204992033984
20725453,"
হেলথ টিপস 
কিডনিতে পাথরে করণীয়
",130,307.0,0.048858204992033985,4.8858204992033984
20725392,"

বকশিগঞ্জে স্বামী-স্ত্রীর ঝগড়া থামাতে দায়ের কোপে মা নিহত 
",129,310.0,0.048327137546468404,4.83271375464684
20731584,"

ঢাকাস্থ রংপুর ছাত্রফোরামের সভাপতি মাহিন, সম্পাদক ইমরান
",129,310.0,0.048327137546468404,4.83271375464684
20725730,ডুমুরিয়ায় সড়ক দুর্ঘটনায় নিহত ১,129,310.0,0.048327137546468404,4.83271375464684
20730653,"

জাতীয় বিশ্ববিদ্যালয় : অভিযুক্ত বড় মনিরকে অপসারণ
",128,313.0,0.04779607010090282,4.779607010090282
20727083,"

গাজীপুরের শ্রীপুরে টাইলস কারখানায় আগুন
",128,313.0,0.04779607010090282,4.779607010090282
20731583,"

মাদারগঞ্জে পাগলা কুকুরের কামড়ে ৭ জন আহত
",128,313.0,0.04779607010090282,4.779607010090282
20725399,"

মার্কেন্টাইল ব্যাংকের ‘রামপুরা শাখা’ স্থানান্তর
",128,313.0,0.04779607010090282,4.779607010090282
20725380,"
সার্ভার জটিলতা 
হোসেনপুরে প্রাথমিকের শিক্ষকরা বদলির আবেদন করতে পারছেন না
",127,317.0,0.04726500265533723,4.726500265533723
20725381,"

গোবিন্দগঞ্জে দুর্র্বৃত্তদের হাতে ব্যবসায়ী নিহত
",123,318.0,0.04514073287307488,4.514073287307488
20732368,"

কম্বোডিয়ায় ‘সাইবার জালিয়াতিতে যুক্তদের’ উদ্ধার করছে ভারত
",122,319.0,0.04460966542750929,4.4609665427509295
20725460,"

সরকারি অনুষ্ঠানে লাল গালিচা নয় : শাহবাজ
",118,320.0,0.04248539564524695,4.248539564524695
20727080,"

প্রাণ গ্রুপে চাকরির সুযোগ
",117,321.0,0.04195432819968136,4.195432819968136
20725375,"

সিরিয়ায় গাড়িবোমা বিস্ফোরণে নিহত ৭ আহত ৩০
",116,322.0,0.04142326075411577,4.142326075411577
20729615,ভাই হত্যার বিচার চাইলেন শাহনূর,115,323.0,0.040892193308550186,4.089219330855019
20727261,"

যশোরের শার্শায় ৩৮ কেজি গাঁজাসহ গ্রেফতার ১
",115,323.0,0.040892193308550186,4.089219330855019
20725403,"

স্ট্যান্ডার্ড ব্যাংকের ৩৮৯তম বোর্ডসভা অনুষ্ঠিত
",115,323.0,0.040892193308550186,4.089219330855019
20725800,সাতক্ষীরায় খাদ্যবান্ধব কর্মসূচির ১৭ বস্তা চাল উদ্ধার,115,323.0,0.040892193308550186,4.089219330855019
20725448,"

অবৈধ চীনা মাছধরা বন্ধে সহযোগিতা করবে যুক্তরাষ্ট্র ও আর্জেন্টিনা
",112,327.0,0.03929899097185342,3.9298990971853422
20725390,"

 পাথরঘাটায় এতিমদের নিয়ে প্রতিবন্ধী সোহাগের ইফতার
",111,328.0,0.038767923526287836,3.8767923526287835
20728164,"

দ্বিতীয় ধাপে ১৬১ উপজেলা নির্বাচনের তফসিল ঘোষণা
",111,328.0,0.038767923526287836,3.8767923526287835
20730658,"

২১ রোজাই করা শিশু মালিহার পানিতে ডুবে মৃত্যু
",110,330.0,0.038236856080722255,3.8236856080722257
20725729,টাঙ্গাইলে নিয়ন্ত্রণহীন প্রাইভেটকারের ধাক্কায় নিহত ২,110,330.0,0.038236856080722255,3.8236856080722257
20725406,"

 মার্সেল ফ্রিজ কিনে ১০ লাখ টাকা পেলেন গৃহিণী ঝর্ণা
",110,330.0,0.038236856080722255,3.8236856080722257
20725385,"

লালমোহনে ৯ মাসের শিশুর গলা কাটল দুর্বৃত্তরা 
",109,333.0,0.03770578863515667,3.7705788635156665
20728167,বুয়েটে ছাত্র রাজনীতি করার অনুমতি চেয়ে হাইকোর্টে রিট,108,334.0,0.03717472118959108,3.717472118959108
20725766,তারাকান্দায় বাস-মাইক্রো সংঘর্ষে ভাই-বোন নিহত,105,335.0,0.03558151885289432,3.5581518852894316
20725370,"
উ জ বে কি স্তা নে র   রূ প ক থা 
মৎস্য কুমার
",103,336.0,0.03451938396176314,3.451938396176314
20732371,"

জবির আইন বিভাগের চেয়ারম্যানের পদত্যাগ
",102,337.0,0.033988316516197555,3.3988316516197554
20730022,বিদ্যুৎ উন্নয়ন বোর্ডের অফিসিয়াল ফেসবুক পেজ হ্যাক করা হয়েছে,101,338.0,0.03345724907063197,3.3457249070631967
20727082,"

ডিএমপির অভিযানে গ্রেফতার ২৯
",98,339.0,0.03186404673393521,3.186404673393521
20728163,"

যুদ্ধবিরতির আলোচনায় প্রতিনিধিদল পাঠানো নিয়ে দ্বিধাদ্বন্দ্বে হামাস
",98,339.0,0.03186404673393521,3.186404673393521
20729603,"

উল্লাপাড়ায় মহাসড়ক থেকে লাশ উদ্ধার
",96,341.0,0.030801911842804036,3.0801911842804035
20732373,"

ডেমরায় গ্যারেজে থাকা ভলভো বাসে আগুন, নিয়ন্ত্রণে ৬ ইউনিট
",96,341.0,0.030801911842804036,3.0801911842804035
20728169,তৃতীয় দিনের মতো আজও ক্লাস-পরীক্ষা বর্জন বুয়েট শিক্ষার্থীদের,95,343.0,0.03027084439723845,3.0270844397238448
20729606,"

আফগানিস্তানে স্থলমাইন বিস্ফোরণে ৯ শিশু নিহত
",94,344.0,0.02973977695167286,2.973977695167286
20725358,"

আসছে নতুন আইপ্যাড প্রো
",94,344.0,0.02973977695167286,2.973977695167286
20725405,"

বাজারের নতুন পণ্য ‘লাক্সারি ম্যাট’
",92,346.0,0.02867764206054169,2.867764206054169
20725753,মার্কিন দূতাবাস প্রতিনিধিদলের বেক্সিমকো ইন্ডাস্ট্রিয়াল পার্ক এবং শাইনপুকুর সিরামিক পরিদর্শন,92,346.0,0.02867764206054169,2.867764206054169
20725383,"

নাঙ্গলকোট পৌরসভা বিএনপির ইফতার মাহফিল
",91,348.0,0.028146574614976102,2.8146574614976103
20725356,"

ব্রডব্যান্ডের চেয়ে ৪৫ লাখ গুণ দ্রুতগতির ইন্টারনেট
",90,349.0,0.027615507169410514,2.7615507169410516
20725394,"

ব্রহ্মপুত্রের চর থেকে অটোরিকশাসহ জুয়ার সরঞ্জামাদি  উদ্ধার
",89,350.0,0.027084439723844927,2.708443972384493
20725364,"

প্রশ্নোত্তর
",89,350.0,0.027084439723844927,2.708443972384493
20727109,দৃঢ়তা দেখাচ্ছেন জাকির-তাইজুল,89,350.0,0.027084439723844927,2.708443972384493
20730207,"

বিএনপির আইন সম্পাদকের বাবার মঙ্গলবার তৃতীয় মৃত্যুবার্ষিকী
",88,353.0,0.026553372278279343,2.655337227827934
20725384,"

দাগনভূঞায় মশার কয়েল কারখানাকে জরিমানা 
",87,354.0,0.026022304832713755,2.6022304832713754
20729616,সুন্দোরা ঈদে বিশাল মূল্যছাড়!,87,354.0,0.026022304832713755,2.6022304832713754
20728162,"

নীলিমা পয়েন্ট থেকে ৪টি হরিণের চামড়া উদ্ধার
",86,356.0,0.025491237387148168,2.5491237387148167
20730871,ঈদের আগে রেমিট্যান্স কমলো,84,357.0,0.024429102496016993,2.4429102496016992
20731576,"

আল শিফা হাসপাতাল থেকে ৫০০ জনকে আটক করল ইসরাইল
",83,358.0,0.02389803505045141,2.389803505045141
20725393,"

লালমাইয়ে পানিতে ডুবে তিন বছরের শিশুর মৃত্যু
",80,359.0,0.022304832713754646,2.2304832713754648
20725716,অন্যরকম শনিবার,78,360.0,0.021242697822623474,2.1242697822623473
20725805,৫০৮ কোটিতে বাড়ি কিনলেন লোপেজ,77,361.0,0.020711630377057887,2.0711630377057886
20725802,মোশাররফ-মাহির ‘নেশার লাটিম’,75,362.0,0.01964949548592671,1.9649495485926711
20730202,"

ইসরাইলে আল জাজিরা বন্ধ করতে চাচ্ছেন নেতানিয়াহু
",75,362.0,0.01964949548592671,1.9649495485926711
20725369,"
জানা-অজানা 
চিরতার গুণ
",74,364.0,0.019118428040361127,1.9118428040361128
20725717,রেকর্ড গড়লো ‘ক্রু’,72,365.0,0.018056293149229952,1.8056293149229952
20727267,৯ই এপ্রিল ছুটিতে মন্ত্রিসভার না,64,366.0,0.013807753584705257,1.3807753584705258
20728692,"

৭ অক্টোবর পর থেকে ৬০০ সৈন্য নিহত হয়েছে : ইসরাইল
",64,366.0,0.013807753584705257,1.3807753584705258
20729935,"

ব্রাজিলে ইস্টার সানডে মিছিলে বাসের ধাক্কায় ৪ জন নিহত
",63,368.0,0.013276686139139671,1.327668613913967
20725803,ঈদে শাওন-সাদিয়ার ‘ধানসিঁড়ি’,62,369.0,0.012745618693574084,1.2745618693574083
20730026,খালেদা জিয়াকে হাসপাতালে দেখতে ফখরুল-আব্বাস,62,369.0,0.012745618693574084,1.2745618693574083
20725367,"

ইতিহাসে আজ
",53,371.0,0.007966011683483803,0.7966011683483802
20725365,"

হাদিসের কথা
",38,372.0,0.0,0.0
20725366,"

আল কুরআনের বাণী
",38,372.0,0.0,0.0
